{
  "Objects": [
    {
      "Latitude": 51.526331, 
      "Longitude": -0.084303
    }, 
    {
      "Latitude": 51.5221783, 
      "Longitude": -0.0870459
    }, 
    {
      "Latitude": 51.522177525000004, 
      "Longitude": -0.08696657499999999
    }, 
    {
      "Latitude": 51.52217675, 
      "Longitude": -0.08688725
    }
  ]
}